"LOCATION","INDICATOR","SUBJECT","MEASURE","FREQUENCY","TIME","Value","Flag Codes"
"AUS","GINSURANCEPREM","TOT","MLN_USD","A","1993",27186.911,
"AUS","GINSURANCEPREM","TOT","MLN_USD","A","1994",13877.253,
"AUS","GINSURANCEPREM","TOT","MLN_USD","A","1995",14120.92,
"AUS","GINSURANCEPREM","TOT","MLN_USD","A","1996",32659.468,
"AUS","GINSURANCEPREM","TOT","MLN_USD","A","1997",37301.979,
"AUS","GINSURANCEPREM","TOT","MLN_USD","A","1998",34569.491,
"AUS","GINSURANCEPREM","TOT","MLN_USD","A","1999",39494.937,
"AUS","GINSURANCEPREM","TOT","MLN_USD","A","2000",34893.951,
"AUS","GINSURANCEPREM","TOT","MLN_USD","A","2001",31602.698,
"AUS","GINSURANCEPREM","TOT","MLN_USD","A","2002",36277.481,
"AUS","GINSURANCEPREM","TOT","MLN_USD","A","2003",40803.145,
"AUS","GINSURANCEPREM","TOT","MLN_USD","A","2004",47525.178,
"AUS","GINSURANCEPREM","TOT","MLN_USD","A","2005",49735.036,
"AUS","GINSURANCEPREM","TOT","MLN_USD","A","2006",51291.859,
"AUS","GINSURANCEPREM","TOT","MLN_USD","A","2007",66969.722,
"AUS","GINSURANCEPREM","TOT","MLN_USD","A","2008",65665.003,
"AUS","GINSURANCEPREM","TOT","MLN_USD","A","2009",57731.563,
"AUS","GINSURANCEPREM","TOT","MLN_USD","A","2010",70793.079,
"AUS","GINSURANCEPREM","TOT","MLN_USD","A","2011",84540.661,
"AUS","GINSURANCEPREM","TOT","MLN_USD","A","2012",85880.357,
"AUS","GINSURANCEPREM","TOT","MLN_USD","A","2013",87591.017,
"AUS","GINSURANCEPREM","TOT","MLN_USD","A","2014",97010.914,
"AUS","GINSURANCEPREM","TOT","MLN_USD","A","2015",78796.207,
"AUS","GINSURANCEPREM","TOT","MLN_USD","A","2016",74145.082,
"AUS","GINSURANCEPREM","TOT","MLN_USD","A","2017",72339.081,
"AUT","GINSURANCEPREM","TOT","MLN_USD","A","1993",10913.162,
"AUT","GINSURANCEPREM","TOT","MLN_USD","A","1994",11932.053,
"AUT","GINSURANCEPREM","TOT","MLN_USD","A","1995",13639.801,
"AUT","GINSURANCEPREM","TOT","MLN_USD","A","1996",15622.694,
"AUT","GINSURANCEPREM","TOT","MLN_USD","A","1997",12908.279,
"AUT","GINSURANCEPREM","TOT","MLN_USD","A","1998",12938.241,
"AUT","GINSURANCEPREM","TOT","MLN_USD","A","1999",13220.707,
"AUT","GINSURANCEPREM","TOT","MLN_USD","A","2000",12218.597,
"AUT","GINSURANCEPREM","TOT","MLN_USD","A","2001",12107.274,
"AUT","GINSURANCEPREM","TOT","MLN_USD","A","2002",13573.928,
"AUT","GINSURANCEPREM","TOT","MLN_USD","A","2003",16872.668,
"AUT","GINSURANCEPREM","TOT","MLN_USD","A","2004",19272.914,
"AUT","GINSURANCEPREM","TOT","MLN_USD","A","2005",19871.611,
"AUT","GINSURANCEPREM","TOT","MLN_USD","A","2006",21253.59,
"AUT","GINSURANCEPREM","TOT","MLN_USD","A","2007",23739.982,
"AUT","GINSURANCEPREM","TOT","MLN_USD","A","2008",26331.678,
"AUT","GINSURANCEPREM","TOT","MLN_USD","A","2013",25076.691,
"AUT","GINSURANCEPREM","TOT","MLN_USD","A","2014",25068.753,
"AUT","GINSURANCEPREM","TOT","MLN_USD","A","2015",21082.339,
"AUT","GINSURANCEPREM","TOT","MLN_USD","A","2016",20633.111,
"AUT","GINSURANCEPREM","TOT","MLN_USD","A","2017",20434.506,
"BEL","GINSURANCEPREM","TOT","MLN_USD","A","1993",11410.069,
"BEL","GINSURANCEPREM","TOT","MLN_USD","A","1994",12150.753,
"BEL","GINSURANCEPREM","TOT","MLN_USD","A","1995",14775.264,
"BEL","GINSURANCEPREM","TOT","MLN_USD","A","1996",15408.533,
"BEL","GINSURANCEPREM","TOT","MLN_USD","A","1997",14817.287,
"BEL","GINSURANCEPREM","TOT","MLN_USD","A","1998",16970.641,
"BEL","GINSURANCEPREM","TOT","MLN_USD","A","1999",18317.862,
"BEL","GINSURANCEPREM","TOT","MLN_USD","A","2000",18527.061,
"BEL","GINSURANCEPREM","TOT","MLN_USD","A","2001",18514.412,
"BEL","GINSURANCEPREM","TOT","MLN_USD","A","2002",19506.056,
"BEL","GINSURANCEPREM","TOT","MLN_USD","A","2003",29168.491,
"BEL","GINSURANCEPREM","TOT","MLN_USD","A","2004",35299.261,
"BEL","GINSURANCEPREM","TOT","MLN_USD","A","2005",41607.061,
"BEL","GINSURANCEPREM","TOT","MLN_USD","A","2006",37115.926,
"BEL","GINSURANCEPREM","TOT","MLN_USD","A","2007",42999.299,
"BEL","GINSURANCEPREM","TOT","MLN_USD","A","2008",42808.368,
"BEL","GINSURANCEPREM","TOT","MLN_USD","A","2009",39575.276,
"BEL","GINSURANCEPREM","TOT","MLN_USD","A","2010",39170.443,
"BEL","GINSURANCEPREM","TOT","MLN_USD","A","2011",40818.202,
"BEL","GINSURANCEPREM","TOT","MLN_USD","A","2012",41938.04,
"BEL","GINSURANCEPREM","TOT","MLN_USD","A","2013",37510.283,
"BEL","GINSURANCEPREM","TOT","MLN_USD","A","2014",38293.578,
"BEL","GINSURANCEPREM","TOT","MLN_USD","A","2015",30734.013,
"BEL","GINSURANCEPREM","TOT","MLN_USD","A","2016",30411.168,
"BEL","GINSURANCEPREM","TOT","MLN_USD","A","2017",30762.885,
"CAN","GINSURANCEPREM","TOT","MLN_USD","A","1993",28033.037,
"CAN","GINSURANCEPREM","TOT","MLN_USD","A","1994",28758.328,
"CAN","GINSURANCEPREM","TOT","MLN_USD","A","1995",30083.433,
"CAN","GINSURANCEPREM","TOT","MLN_USD","A","1996",30232.082,
"CAN","GINSURANCEPREM","TOT","MLN_USD","A","1997",29913.907,
"CAN","GINSURANCEPREM","TOT","MLN_USD","A","1998",28100.522,
"CAN","GINSURANCEPREM","TOT","MLN_USD","A","1999",47155.465,
"CAN","GINSURANCEPREM","TOT","MLN_USD","A","2000",54693.066,
"CAN","GINSURANCEPREM","TOT","MLN_USD","A","2001",55778.787,
"CAN","GINSURANCEPREM","TOT","MLN_USD","A","2002",60899.69,
"CAN","GINSURANCEPREM","TOT","MLN_USD","A","2003",74388.406,
"CAN","GINSURANCEPREM","TOT","MLN_USD","A","2004",87130.154,
"CAN","GINSURANCEPREM","TOT","MLN_USD","A","2005",98642.199,
"CAN","GINSURANCEPREM","TOT","MLN_USD","A","2006",109531.044,
"CAN","GINSURANCEPREM","TOT","MLN_USD","A","2007",136087.993,
"CAN","GINSURANCEPREM","TOT","MLN_USD","A","2008",113708.952,
"CAN","GINSURANCEPREM","TOT","MLN_USD","A","2009",75423.868,
"CAN","GINSURANCEPREM","TOT","MLN_USD","A","2010",85752.059,
"CAN","GINSURANCEPREM","TOT","MLN_USD","A","2011",93998.268,
"CAN","GINSURANCEPREM","TOT","MLN_USD","A","2012",97036.962,
"CAN","GINSURANCEPREM","TOT","MLN_USD","A","2013",98545.026,
"CAN","GINSURANCEPREM","TOT","MLN_USD","A","2014",93075.047,
"CAN","GINSURANCEPREM","TOT","MLN_USD","A","2015",83591.478,
"CZE","GINSURANCEPREM","TOT","MLN_USD","A","1993",787.504,
"CZE","GINSURANCEPREM","TOT","MLN_USD","A","1994",1030.733,
"CZE","GINSURANCEPREM","TOT","MLN_USD","A","1995",1273.394,
"CZE","GINSURANCEPREM","TOT","MLN_USD","A","1996",1514.759,
"CZE","GINSURANCEPREM","TOT","MLN_USD","A","1997",1513.47,
"CZE","GINSURANCEPREM","TOT","MLN_USD","A","1998",1723.546,
"CZE","GINSURANCEPREM","TOT","MLN_USD","A","1999",1815.181,
"CZE","GINSURANCEPREM","TOT","MLN_USD","A","2000",1826.855,
"CZE","GINSURANCEPREM","TOT","MLN_USD","A","2001",2122.773,
"CZE","GINSURANCEPREM","TOT","MLN_USD","A","2002",2769.133,
"CZE","GINSURANCEPREM","TOT","MLN_USD","A","2003",3755.644,
"CZE","GINSURANCEPREM","TOT","MLN_USD","A","2004",4380.061,
"CZE","GINSURANCEPREM","TOT","MLN_USD","A","2005",4886.873,
"CZE","GINSURANCEPREM","TOT","MLN_USD","A","2006",5404.647,
"CZE","GINSURANCEPREM","TOT","MLN_USD","A","2007",6548.891,
"CZE","GINSURANCEPREM","TOT","MLN_USD","A","2008",8191.385,
"CZE","GINSURANCEPREM","TOT","MLN_USD","A","2009",7562.121,
"CZE","GINSURANCEPREM","TOT","MLN_USD","A","2010",8167.31,
"CZE","GINSURANCEPREM","TOT","MLN_USD","A","2011",8764.299,
"CZE","GINSURANCEPREM","TOT","MLN_USD","A","2012",7845.612,
"CZE","GINSURANCEPREM","TOT","MLN_USD","A","2013",7997.817,
"CZE","GINSURANCEPREM","TOT","MLN_USD","A","2014",7607.793,
"CZE","GINSURANCEPREM","TOT","MLN_USD","A","2015",6172.927,
"CZE","GINSURANCEPREM","TOT","MLN_USD","A","2016",6001.794,
"CZE","GINSURANCEPREM","TOT","MLN_USD","A","2017",6401.58,
"DNK","GINSURANCEPREM","TOT","MLN_USD","A","1993",8108.842,
"DNK","GINSURANCEPREM","TOT","MLN_USD","A","1994",9757.855,
"DNK","GINSURANCEPREM","TOT","MLN_USD","A","1995",11206.781,
"DNK","GINSURANCEPREM","TOT","MLN_USD","A","1996",12198.87,
"DNK","GINSURANCEPREM","TOT","MLN_USD","A","1997",11584.968,
"DNK","GINSURANCEPREM","TOT","MLN_USD","A","1998",12834.012,
"DNK","GINSURANCEPREM","TOT","MLN_USD","A","1999",11994.871,
"DNK","GINSURANCEPREM","TOT","MLN_USD","A","2000",10691.358,
"DNK","GINSURANCEPREM","TOT","MLN_USD","A","2001",11741.817,
"DNK","GINSURANCEPREM","TOT","MLN_USD","A","2002",14507.136,
"DNK","GINSURANCEPREM","TOT","MLN_USD","A","2003",15278.216,
"DNK","GINSURANCEPREM","TOT","MLN_USD","A","2004",17565.011,
"DNK","GINSURANCEPREM","TOT","MLN_USD","A","2005",21109.967,
"DNK","GINSURANCEPREM","TOT","MLN_USD","A","2006",23669.08,
"DNK","GINSURANCEPREM","TOT","MLN_USD","A","2007",28457.559,
"DNK","GINSURANCEPREM","TOT","MLN_USD","A","2008",32504.526,
"DNK","GINSURANCEPREM","TOT","MLN_USD","A","2011",33844.253,
"DNK","GINSURANCEPREM","TOT","MLN_USD","A","2012",32744.64,
"DNK","GINSURANCEPREM","TOT","MLN_USD","A","2013",225775.39,
"DNK","GINSURANCEPREM","TOT","MLN_USD","A","2014",37098.247,
"DNK","GINSURANCEPREM","TOT","MLN_USD","A","2015",31997.441,
"DNK","GINSURANCEPREM","TOT","MLN_USD","A","2016",33498.134,
"DNK","GINSURANCEPREM","TOT","MLN_USD","A","2017",37549.296,
"FIN","GINSURANCEPREM","TOT","MLN_USD","A","1993",3002.174,
"FIN","GINSURANCEPREM","TOT","MLN_USD","A","1994",3245.648,
"FIN","GINSURANCEPREM","TOT","MLN_USD","A","1995",4295.937,
"FIN","GINSURANCEPREM","TOT","MLN_USD","A","1996",5213.612,
"FIN","GINSURANCEPREM","TOT","MLN_USD","A","1997",4607.434,
"FIN","GINSURANCEPREM","TOT","MLN_USD","A","1998",5271.205,
"FIN","GINSURANCEPREM","TOT","MLN_USD","A","1999",5919.893,
"FIN","GINSURANCEPREM","TOT","MLN_USD","A","2000",6219.613,
"FIN","GINSURANCEPREM","TOT","MLN_USD","A","2001",5369.974,
"FIN","GINSURANCEPREM","TOT","MLN_USD","A","2002",5745.603,
"FIN","GINSURANCEPREM","TOT","MLN_USD","A","2003",6456.862,
"FIN","GINSURANCEPREM","TOT","MLN_USD","A","2004",7237.712,
"FIN","GINSURANCEPREM","TOT","MLN_USD","A","2005",7783.131,
"FIN","GINSURANCEPREM","TOT","MLN_USD","A","2006",7802.308,
"FIN","GINSURANCEPREM","TOT","MLN_USD","A","2007",8282.324,
"FIN","GINSURANCEPREM","TOT","MLN_USD","A","2008",9086.31,
"FIN","GINSURANCEPREM","TOT","MLN_USD","A","2009",9469.577,
"FIN","GINSURANCEPREM","TOT","MLN_USD","A","2010",11615.097,
"FIN","GINSURANCEPREM","TOT","MLN_USD","A","2011",10119.242,
"FIN","GINSURANCEPREM","TOT","MLN_USD","A","2012",9352.936,
"FIN","GINSURANCEPREM","TOT","MLN_USD","A","2013",13057.001,
"FIN","GINSURANCEPREM","TOT","MLN_USD","A","2014",14105.833,
"FIN","GINSURANCEPREM","TOT","MLN_USD","A","2015",11912.486,
"FIN","GINSURANCEPREM","TOT","MLN_USD","A","2016",10005.142,
"FIN","GINSURANCEPREM","TOT","MLN_USD","A","2017",10058.627,
"FRA","GINSURANCEPREM","TOT","MLN_USD","A","1993",108462.12,
"FRA","GINSURANCEPREM","TOT","MLN_USD","A","1994",119730.709,
"FRA","GINSURANCEPREM","TOT","MLN_USD","A","1995",141350.729,
"FRA","GINSURANCEPREM","TOT","MLN_USD","A","1996",147758.695,
"FRA","GINSURANCEPREM","TOT","MLN_USD","A","1997",140579.081,
"FRA","GINSURANCEPREM","TOT","MLN_USD","A","1998",123354.276,
"FRA","GINSURANCEPREM","TOT","MLN_USD","A","1999",129076.567,
"FRA","GINSURANCEPREM","TOT","MLN_USD","A","2000",128409.837,
"FRA","GINSURANCEPREM","TOT","MLN_USD","A","2001",121978.327,
"FRA","GINSURANCEPREM","TOT","MLN_USD","A","2002",131253.392,
"FRA","GINSURANCEPREM","TOT","MLN_USD","A","2003",173102.174,
"FRA","GINSURANCEPREM","TOT","MLN_USD","A","2004",211121.813,
"FRA","GINSURANCEPREM","TOT","MLN_USD","A","2005",234310.936,
"FRA","GINSURANCEPREM","TOT","MLN_USD","A","2006",292386.076,
"FRA","GINSURANCEPREM","TOT","MLN_USD","A","2007",312699.006,
"FRA","GINSURANCEPREM","TOT","MLN_USD","A","2008",278324.049,
"FRA","GINSURANCEPREM","TOT","MLN_USD","A","2009",300973.242,
"FRA","GINSURANCEPREM","TOT","MLN_USD","A","2010",297034.527,
"FRA","GINSURANCEPREM","TOT","MLN_USD","A","2011",288703.644,
"FRA","GINSURANCEPREM","TOT","MLN_USD","A","2012",258655.812,
"FRA","GINSURANCEPREM","TOT","MLN_USD","A","2013",275671.219,
"FRA","GINSURANCEPREM","TOT","MLN_USD","A","2014",293641.777,
"FRA","GINSURANCEPREM","TOT","MLN_USD","A","2015",250772.359,
"FRA","GINSURANCEPREM","TOT","MLN_USD","A","2016",314037.236,
"FRA","GINSURANCEPREM","TOT","MLN_USD","A","2017",313542.52,
"DEU","GINSURANCEPREM","TOT","MLN_USD","A","1993",149613.943,
"DEU","GINSURANCEPREM","TOT","MLN_USD","A","1994",165773.201,
"DEU","GINSURANCEPREM","TOT","MLN_USD","A","1995",191743.144,
"DEU","GINSURANCEPREM","TOT","MLN_USD","A","1996",192326.853,
"DEU","GINSURANCEPREM","TOT","MLN_USD","A","1997",178557.965,
"DEU","GINSURANCEPREM","TOT","MLN_USD","A","1998",178520.935,
"DEU","GINSURANCEPREM","TOT","MLN_USD","A","1999",181265.223,
"DEU","GINSURANCEPREM","TOT","MLN_USD","A","2000",164773.439,
"DEU","GINSURANCEPREM","TOT","MLN_USD","A","2001",165913.504,
"DEU","GINSURANCEPREM","TOT","MLN_USD","A","2002",191571.861,
"DEU","GINSURANCEPREM","TOT","MLN_USD","A","2003",235599.267,
"DEU","GINSURANCEPREM","TOT","MLN_USD","A","2004",290979.866,
"DEU","GINSURANCEPREM","TOT","MLN_USD","A","2005",296129.931,
"DEU","GINSURANCEPREM","TOT","MLN_USD","A","2006",264167.458,
"DEU","GINSURANCEPREM","TOT","MLN_USD","A","2007",280162.847,
"DEU","GINSURANCEPREM","TOT","MLN_USD","A","2008",302068.302,
"DEU","GINSURANCEPREM","TOT","MLN_USD","A","2009",246786.16,
"DEU","GINSURANCEPREM","TOT","MLN_USD","A","2010",240817.006,
"DEU","GINSURANCEPREM","TOT","MLN_USD","A","2011",255373.85,
"DEU","GINSURANCEPREM","TOT","MLN_USD","A","2012",302756.686,
"DEU","GINSURANCEPREM","TOT","MLN_USD","A","2013",333617.759,
"DEU","GINSURANCEPREM","TOT","MLN_USD","A","2014",338313.265,
"DEU","GINSURANCEPREM","TOT","MLN_USD","A","2015",292968.631,
"DEU","GINSURANCEPREM","TOT","MLN_USD","A","2016",294460.438,
"DEU","GINSURANCEPREM","TOT","MLN_USD","A","2017",310439.239,
"GRC","GINSURANCEPREM","TOT","MLN_USD","A","1993",1200.177,
"GRC","GINSURANCEPREM","TOT","MLN_USD","A","1994",1395.919,
"GRC","GINSURANCEPREM","TOT","MLN_USD","A","1995",1710.337,
"GRC","GINSURANCEPREM","TOT","MLN_USD","A","1996",1966.135,
"GRC","GINSURANCEPREM","TOT","MLN_USD","A","1997",1946.067,
"GRC","GINSURANCEPREM","TOT","MLN_USD","A","1998",2200.535,
"GRC","GINSURANCEPREM","TOT","MLN_USD","A","1999",2598.247,
"GRC","GINSURANCEPREM","TOT","MLN_USD","A","2000",2362.484,
"GRC","GINSURANCEPREM","TOT","MLN_USD","A","2001",2377.818,
"GRC","GINSURANCEPREM","TOT","MLN_USD","A","2002",2739.81,
"GRC","GINSURANCEPREM","TOT","MLN_USD","A","2003",3709.563,
"GRC","GINSURANCEPREM","TOT","MLN_USD","A","2004",4532.107,
"GRC","GINSURANCEPREM","TOT","MLN_USD","A","2005",4848.779,
"GRC","GINSURANCEPREM","TOT","MLN_USD","A","2006",5998.681,
"GRC","GINSURANCEPREM","TOT","MLN_USD","A","2007",7139.519,
"GRC","GINSURANCEPREM","TOT","MLN_USD","A","2008",7779.401,
"GRC","GINSURANCEPREM","TOT","MLN_USD","A","2009",7214.819,
"GRC","GINSURANCEPREM","TOT","MLN_USD","A","2010",6947.6,
"GRC","GINSURANCEPREM","TOT","MLN_USD","A","2011",6884.255,
"GRC","GINSURANCEPREM","TOT","MLN_USD","A","2012",5781.002,
"GRC","GINSURANCEPREM","TOT","MLN_USD","A","2013",5405.177,
"GRC","GINSURANCEPREM","TOT","MLN_USD","A","2014",5049.053,
"GRC","GINSURANCEPREM","TOT","MLN_USD","A","2015",3962.824,
"GRC","GINSURANCEPREM","TOT","MLN_USD","A","2016",3905.791,
"GRC","GINSURANCEPREM","TOT","MLN_USD","A","2017",4202.497,
"HUN","GINSURANCEPREM","TOT","MLN_USD","A","1993",812.312,
"HUN","GINSURANCEPREM","TOT","MLN_USD","A","1994",894.664,
"HUN","GINSURANCEPREM","TOT","MLN_USD","A","1995",946.721,
"HUN","GINSURANCEPREM","TOT","MLN_USD","A","1996",1008.453,
"HUN","GINSURANCEPREM","TOT","MLN_USD","A","1997",1065.785,
"HUN","GINSURANCEPREM","TOT","MLN_USD","A","1998",1154.263,
"HUN","GINSURANCEPREM","TOT","MLN_USD","A","1999",1213.495,
"HUN","GINSURANCEPREM","TOT","MLN_USD","A","2000",1335.51,
"HUN","GINSURANCEPREM","TOT","MLN_USD","A","2001",1471.388,
"HUN","GINSURANCEPREM","TOT","MLN_USD","A","2002",1933.119,
"HUN","GINSURANCEPREM","TOT","MLN_USD","A","2003",2499.44,
"HUN","GINSURANCEPREM","TOT","MLN_USD","A","2004",2963.805,
"HUN","GINSURANCEPREM","TOT","MLN_USD","A","2005",3451.639,
"HUN","GINSURANCEPREM","TOT","MLN_USD","A","2006",3889.129,
"HUN","GINSURANCEPREM","TOT","MLN_USD","A","2007",5068.753,
"HUN","GINSURANCEPREM","TOT","MLN_USD","A","2008",5145.388,
"HUN","GINSURANCEPREM","TOT","MLN_USD","A","2009",4081.183,
"HUN","GINSURANCEPREM","TOT","MLN_USD","A","2010",4052.92,
"HUN","GINSURANCEPREM","TOT","MLN_USD","A","2011",4053.808,
"HUN","GINSURANCEPREM","TOT","MLN_USD","A","2012",3377.323,
"HUN","GINSURANCEPREM","TOT","MLN_USD","A","2013",3581.708,
"HUN","GINSURANCEPREM","TOT","MLN_USD","A","2014",3584.083,
"HUN","GINSURANCEPREM","TOT","MLN_USD","A","2015",2990.803,
"HUN","GINSURANCEPREM","TOT","MLN_USD","A","2016",3146.386,
"HUN","GINSURANCEPREM","TOT","MLN_USD","A","2017",3483.562,
"ISL","GINSURANCEPREM","TOT","MLN_USD","A","1993",229.724,
"ISL","GINSURANCEPREM","TOT","MLN_USD","A","1994",228.491,
"ISL","GINSURANCEPREM","TOT","MLN_USD","A","1995",237.177,
"ISL","GINSURANCEPREM","TOT","MLN_USD","A","1996",233.583,
"ISL","GINSURANCEPREM","TOT","MLN_USD","A","1997",217.207,
"ISL","GINSURANCEPREM","TOT","MLN_USD","A","1998",225.602,
"ISL","GINSURANCEPREM","TOT","MLN_USD","A","1999",243.519,
"ISL","GINSURANCEPREM","TOT","MLN_USD","A","2000",251.013,
"ISL","GINSURANCEPREM","TOT","MLN_USD","A","2001",234.304,
"ISL","GINSURANCEPREM","TOT","MLN_USD","A","2002",269.807,
"ISL","GINSURANCEPREM","TOT","MLN_USD","A","2003",361.591,
"ISL","GINSURANCEPREM","TOT","MLN_USD","A","2004",390.594,
"ISL","GINSURANCEPREM","TOT","MLN_USD","A","2005",44.047,
"ISL","GINSURANCEPREM","TOT","MLN_USD","A","2006",464.53,
"ISL","GINSURANCEPREM","TOT","MLN_USD","A","2007",584.412,
"ISL","GINSURANCEPREM","TOT","MLN_USD","A","2008",474.386,
"ISL","GINSURANCEPREM","TOT","MLN_USD","A","2009",277.367,
"ISL","GINSURANCEPREM","TOT","MLN_USD","A","2010",381.506,
"ISL","GINSURANCEPREM","TOT","MLN_USD","A","2011",414.97,
"ISL","GINSURANCEPREM","TOT","MLN_USD","A","2012",403.65,
"ISL","GINSURANCEPREM","TOT","MLN_USD","A","2013",418.579,
"ISL","GINSURANCEPREM","TOT","MLN_USD","A","2014",444.034,
"ISL","GINSURANCEPREM","TOT","MLN_USD","A","2015",419.549,
"ISL","GINSURANCEPREM","TOT","MLN_USD","A","2016",486.517,
"ISL","GINSURANCEPREM","TOT","MLN_USD","A","2017",610.956,
"IRL","GINSURANCEPREM","TOT","MLN_USD","A","1993",4759.734,
"IRL","GINSURANCEPREM","TOT","MLN_USD","A","1994",5028.042,
"IRL","GINSURANCEPREM","TOT","MLN_USD","A","1995",5887.269,
"IRL","GINSURANCEPREM","TOT","MLN_USD","A","1996",6877.211,
"IRL","GINSURANCEPREM","TOT","MLN_USD","A","1997",7861.723,
"IRL","GINSURANCEPREM","TOT","MLN_USD","A","1998",10718.919,
"IRL","GINSURANCEPREM","TOT","MLN_USD","A","1999",14378.195,
"IRL","GINSURANCEPREM","TOT","MLN_USD","A","2000",20710.346,
"IRL","GINSURANCEPREM","TOT","MLN_USD","A","2001",14751.098,
"IRL","GINSURANCEPREM","TOT","MLN_USD","A","2003",24683.021,
"IRL","GINSURANCEPREM","TOT","MLN_USD","A","2004",33127.836,
"IRL","GINSURANCEPREM","TOT","MLN_USD","A","2005",38627.319,
"IRL","GINSURANCEPREM","TOT","MLN_USD","A","2006",45807.464,
"IRL","GINSURANCEPREM","TOT","MLN_USD","A","2007",63179.073,
"IRL","GINSURANCEPREM","TOT","MLN_USD","A","2008",86975.538,
"IRL","GINSURANCEPREM","TOT","MLN_USD","A","2009",46658.762,
"IRL","GINSURANCEPREM","TOT","MLN_USD","A","2010",45268.828,
"IRL","GINSURANCEPREM","TOT","MLN_USD","A","2011",44533.126,
"IRL","GINSURANCEPREM","TOT","MLN_USD","A","2012",45588.798,
"IRL","GINSURANCEPREM","TOT","MLN_USD","A","2013",45301.18,
"IRL","GINSURANCEPREM","TOT","MLN_USD","A","2014",52486.914,
"IRL","GINSURANCEPREM","TOT","MLN_USD","A","2015",48782.302,
"IRL","GINSURANCEPREM","TOT","MLN_USD","A","2016",54145.02,
"IRL","GINSURANCEPREM","TOT","MLN_USD","A","2017",45392.289,
"ITA","GINSURANCEPREM","TOT","MLN_USD","A","1993",35257.799,
"ITA","GINSURANCEPREM","TOT","MLN_USD","A","1994",38474.875,
"ITA","GINSURANCEPREM","TOT","MLN_USD","A","1995",46910.084,
"ITA","GINSURANCEPREM","TOT","MLN_USD","A","1996",48790.43,
"ITA","GINSURANCEPREM","TOT","MLN_USD","A","1997",51848.115,
"ITA","GINSURANCEPREM","TOT","MLN_USD","A","1998",62135.802,
"ITA","GINSURANCEPREM","TOT","MLN_USD","A","1999",71160.937,
"ITA","GINSURANCEPREM","TOT","MLN_USD","A","2000",68002.278,
"ITA","GINSURANCEPREM","TOT","MLN_USD","A","2001",73618.133,
"ITA","GINSURANCEPREM","TOT","MLN_USD","A","2002",88650.004,
"ITA","GINSURANCEPREM","TOT","MLN_USD","A","2003",117211.812,
"ITA","GINSURANCEPREM","TOT","MLN_USD","A","2004",134251.451,
"ITA","GINSURANCEPREM","TOT","MLN_USD","A","2005",146309.556,
"ITA","GINSURANCEPREM","TOT","MLN_USD","A","2006",147366.256,
"ITA","GINSURANCEPREM","TOT","MLN_USD","A","2007",147112.939,
"ITA","GINSURANCEPREM","TOT","MLN_USD","A","2008",143588.078,
"ITA","GINSURANCEPREM","TOT","MLN_USD","A","2009",166837.102,
"ITA","GINSURANCEPREM","TOT","MLN_USD","A","2010",169744.834,
"ITA","GINSURANCEPREM","TOT","MLN_USD","A","2011",156776.168,
"ITA","GINSURANCEPREM","TOT","MLN_USD","A","2012",138240.055,
"ITA","GINSURANCEPREM","TOT","MLN_USD","A","2013",161114.799,
"ITA","GINSURANCEPREM","TOT","MLN_USD","A","2014",193198.118,
"ITA","GINSURANCEPREM","TOT","MLN_USD","A","2015",165787.328,
"ITA","GINSURANCEPREM","TOT","MLN_USD","A","2016",151320.613,
"ITA","GINSURANCEPREM","TOT","MLN_USD","A","2017",150359.43,
"JPN","GINSURANCEPREM","TOT","MLN_USD","A","1993",372830.378,
"JPN","GINSURANCEPREM","TOT","MLN_USD","A","1994",406606.057,
"JPN","GINSURANCEPREM","TOT","MLN_USD","A","1995",448383.757,
"JPN","GINSURANCEPREM","TOT","MLN_USD","A","1996",376513.991,
"JPN","GINSURANCEPREM","TOT","MLN_USD","A","1997",344074.858,
"JPN","GINSURANCEPREM","TOT","MLN_USD","A","1998",300638.209,
"JPN","GINSURANCEPREM","TOT","MLN_USD","A","1999",328622.524,
"JPN","GINSURANCEPREM","TOT","MLN_USD","A","2000",342437.444,
"JPN","GINSURANCEPREM","TOT","MLN_USD","A","2001",302604.584,
"JPN","GINSURANCEPREM","TOT","MLN_USD","A","2002",298800.391,
"JPN","GINSURANCEPREM","TOT","MLN_USD","A","2003",316122.988,
"JPN","GINSURANCEPREM","TOT","MLN_USD","A","2004",329495.021,
"JPN","GINSURANCEPREM","TOT","MLN_USD","A","2005",340415.451,
"JPN","GINSURANCEPREM","TOT","MLN_USD","A","2006",319970.207,
"JPN","GINSURANCEPREM","TOT","MLN_USD","A","2007",359790.297,
"JPN","GINSURANCEPREM","TOT","MLN_USD","A","2008",414576.657,
"JPN","GINSURANCEPREM","TOT","MLN_USD","A","2009",482073.589,
"JPN","GINSURANCEPREM","TOT","MLN_USD","A","2010",518774.787,
"JPN","GINSURANCEPREM","TOT","MLN_USD","A","2011",590342.125,
"JPN","GINSURANCEPREM","TOT","MLN_USD","A","2012",475139.041,
"JPN","GINSURANCEPREM","TOT","MLN_USD","A","2013",349904.702,
"JPN","GINSURANCEPREM","TOT","MLN_USD","A","2014",347080.293,
"JPN","GINSURANCEPREM","TOT","MLN_USD","A","2015",313822.255,
"JPN","GINSURANCEPREM","TOT","MLN_USD","A","2016",434737.115,
"JPN","GINSURANCEPREM","TOT","MLN_USD","A","2017",390095.639,
"KOR","GINSURANCEPREM","TOT","MLN_USD","A","1994",44449.883,
"KOR","GINSURANCEPREM","TOT","MLN_USD","A","1995",58488.026,
"KOR","GINSURANCEPREM","TOT","MLN_USD","A","1996",63815.216,
"KOR","GINSURANCEPREM","TOT","MLN_USD","A","1997",61705.279,
"KOR","GINSURANCEPREM","TOT","MLN_USD","A","1998",48579.95,
"KOR","GINSURANCEPREM","TOT","MLN_USD","A","1999",53061.327,
"KOR","GINSURANCEPREM","TOT","MLN_USD","A","2000",61923.682,
"KOR","GINSURANCEPREM","TOT","MLN_USD","A","2001",52819.129,
"KOR","GINSURANCEPREM","TOT","MLN_USD","A","2002",57942.791,
"KOR","GINSURANCEPREM","TOT","MLN_USD","A","2003",62353.876,
"KOR","GINSURANCEPREM","TOT","MLN_USD","A","2004",69492.041,
"KOR","GINSURANCEPREM","TOT","MLN_USD","A","2005",87937.514,
"KOR","GINSURANCEPREM","TOT","MLN_USD","A","2006",104840.752,
"KOR","GINSURANCEPREM","TOT","MLN_USD","A","2007",119795.714,
"KOR","GINSURANCEPREM","TOT","MLN_USD","A","2008",105783.165,
"KOR","GINSURANCEPREM","TOT","MLN_USD","A","2009",98989.428,
"KOR","GINSURANCEPREM","TOT","MLN_USD","A","2010",120803.423,
"KOR","GINSURANCEPREM","TOT","MLN_USD","A","2011",137828.384,
"KOR","GINSURANCEPREM","TOT","MLN_USD","A","2012",163064.652,
"KOR","GINSURANCEPREM","TOT","MLN_USD","A","2013",169186.259,
"KOR","GINSURANCEPREM","TOT","MLN_USD","A","2014",187068.075,
"KOR","GINSURANCEPREM","TOT","MLN_USD","A","2015",183641.956,
"KOR","GINSURANCEPREM","TOT","MLN_USD","A","2016",185646.256,
"LUX","GINSURANCEPREM","TOT","MLN_USD","A","1994",1556.554,
"LUX","GINSURANCEPREM","TOT","MLN_USD","A","1995",3972.615,
"LUX","GINSURANCEPREM","TOT","MLN_USD","A","1996",3538.019,
"LUX","GINSURANCEPREM","TOT","MLN_USD","A","1997",4835.188,
"LUX","GINSURANCEPREM","TOT","MLN_USD","A","1998",5540.917,
"LUX","GINSURANCEPREM","TOT","MLN_USD","A","1999",5837.244,
"LUX","GINSURANCEPREM","TOT","MLN_USD","A","2000",5742.257,
"LUX","GINSURANCEPREM","TOT","MLN_USD","A","2001",5463.933,
"LUX","GINSURANCEPREM","TOT","MLN_USD","A","2002",5753.904,
"LUX","GINSURANCEPREM","TOT","MLN_USD","A","2003",7642.482,
"LUX","GINSURANCEPREM","TOT","MLN_USD","A","2004",10016.9,
"LUX","GINSURANCEPREM","TOT","MLN_USD","A","2005",12649.843,
"LUX","GINSURANCEPREM","TOT","MLN_USD","A","2006",14684.344,
"LUX","GINSURANCEPREM","TOT","MLN_USD","A","2007",15319.32,
"LUX","GINSURANCEPREM","TOT","MLN_USD","A","2008",15887.471,
"LUX","GINSURANCEPREM","TOT","MLN_USD","A","2009",23063.371,
"LUX","GINSURANCEPREM","TOT","MLN_USD","A","2010",27437.7,
"LUX","GINSURANCEPREM","TOT","MLN_USD","A","2011",19151.019,
"LUX","GINSURANCEPREM","TOT","MLN_USD","A","2012",25169.49,
"LUX","GINSURANCEPREM","TOT","MLN_USD","A","2013",24697.585,
"LUX","GINSURANCEPREM","TOT","MLN_USD","A","2014",28906.848,
"LUX","GINSURANCEPREM","TOT","MLN_USD","A","2015",21269.716,
"LUX","GINSURANCEPREM","TOT","MLN_USD","A","2016",20274.998,
"LUX","GINSURANCEPREM","TOT","MLN_USD","A","2017",24253.902,
"MEX","GINSURANCEPREM","TOT","MLN_USD","A","1993",6026.482,
"MEX","GINSURANCEPREM","TOT","MLN_USD","A","1994",6306.587,
"MEX","GINSURANCEPREM","TOT","MLN_USD","A","1995",3882.381,
"MEX","GINSURANCEPREM","TOT","MLN_USD","A","1996",4216.707,
"MEX","GINSURANCEPREM","TOT","MLN_USD","A","1997",5195.469,
"MEX","GINSURANCEPREM","TOT","MLN_USD","A","1998",6472.484,
"MEX","GINSURANCEPREM","TOT","MLN_USD","A","1999",8414.079,
"MEX","GINSURANCEPREM","TOT","MLN_USD","A","2000",11277.166,
"MEX","GINSURANCEPREM","TOT","MLN_USD","A","2001",11686.716,
"MEX","GINSURANCEPREM","TOT","MLN_USD","A","2002",13331.408,
"MEX","GINSURANCEPREM","TOT","MLN_USD","A","2003",11135.172,
"MEX","GINSURANCEPREM","TOT","MLN_USD","A","2004",12457.846,
"MEX","GINSURANCEPREM","TOT","MLN_USD","A","2005",12911.587,
"MEX","GINSURANCEPREM","TOT","MLN_USD","A","2006",15240.859,
"MEX","GINSURANCEPREM","TOT","MLN_USD","A","2007",17702.481,
"MEX","GINSURANCEPREM","TOT","MLN_USD","A","2008",18855.017,
"MEX","GINSURANCEPREM","TOT","MLN_USD","A","2009",17527.672,
"MEX","GINSURANCEPREM","TOT","MLN_USD","A","2010",19548.075,
"MEX","GINSURANCEPREM","TOT","MLN_USD","A","2011",22682.505,
"MEX","GINSURANCEPREM","TOT","MLN_USD","A","2012",23596.026,
"MEX","GINSURANCEPREM","TOT","MLN_USD","A","2013",27184.19,
"MEX","GINSURANCEPREM","TOT","MLN_USD","A","2014",27348.64,
"MEX","GINSURANCEPREM","TOT","MLN_USD","A","2015",24929.08,
"MEX","GINSURANCEPREM","TOT","MLN_USD","A","2016",24150.146,
"MEX","GINSURANCEPREM","TOT","MLN_USD","A","2017",26568.839,
"NLD","GINSURANCEPREM","TOT","MLN_USD","A","1993",26296.404,
"NLD","GINSURANCEPREM","TOT","MLN_USD","A","1994",29299.237,
"NLD","GINSURANCEPREM","TOT","MLN_USD","A","1995",34757.785,
"NLD","GINSURANCEPREM","TOT","MLN_USD","A","1996",36040.4,
"NLD","GINSURANCEPREM","TOT","MLN_USD","A","1997",34782.099,
"NLD","GINSURANCEPREM","TOT","MLN_USD","A","1998",38246.972,
"NLD","GINSURANCEPREM","TOT","MLN_USD","A","1999",39129.483,
"NLD","GINSURANCEPREM","TOT","MLN_USD","A","2000",37513.64,
"NLD","GINSURANCEPREM","TOT","MLN_USD","A","2001",39511.951,
"NLD","GINSURANCEPREM","TOT","MLN_USD","A","2002",41519.863,
"NLD","GINSURANCEPREM","TOT","MLN_USD","A","2003",52092.799,
"NLD","GINSURANCEPREM","TOT","MLN_USD","A","2004",60481.893,
"NLD","GINSURANCEPREM","TOT","MLN_USD","A","2005",60356.663,
"NLD","GINSURANCEPREM","TOT","MLN_USD","A","2006",57309.247,
"NLD","GINSURANCEPREM","TOT","MLN_USD","A","2007",65221.125,
"NLD","GINSURANCEPREM","TOT","MLN_USD","A","2008",71599.254,
"NLD","GINSURANCEPREM","TOT","MLN_USD","A","2009",67166.001,
"NLD","GINSURANCEPREM","TOT","MLN_USD","A","2010",52399.185,
"NLD","GINSURANCEPREM","TOT","MLN_USD","A","2011",58577.455,
"NLD","GINSURANCEPREM","TOT","MLN_USD","A","2012",51269.855,
"NLD","GINSURANCEPREM","TOT","MLN_USD","A","2013",51127.306,
"NLD","GINSURANCEPREM","TOT","MLN_USD","A","2014",48538.554,
"NLD","GINSURANCEPREM","TOT","MLN_USD","A","2015",37384.423,
"NLD","GINSURANCEPREM","TOT","MLN_USD","A","2016",77305.624,
"NLD","GINSURANCEPREM","TOT","MLN_USD","A","2017",80266.179,
"NZL","GINSURANCEPREM","TOT","MLN_USD","A","1993",1489.173,
"NZL","GINSURANCEPREM","TOT","MLN_USD","A","1994",1688.112,
"NZL","GINSURANCEPREM","TOT","MLN_USD","A","1995",1854.392,
"NZL","GINSURANCEPREM","TOT","MLN_USD","A","1996",2527.529,
"NZL","GINSURANCEPREM","TOT","MLN_USD","A","1997",2610.981,
"NZL","GINSURANCEPREM","TOT","MLN_USD","A","1998",2039.728,
"NZL","GINSURANCEPREM","TOT","MLN_USD","A","1999",1667.543,
"NZL","GINSURANCEPREM","TOT","MLN_USD","A","2000",1470.049,
"NZL","GINSURANCEPREM","TOT","MLN_USD","A","2001",1267.892,
"NZL","GINSURANCEPREM","TOT","MLN_USD","A","2003",1825.505,
"NZL","GINSURANCEPREM","TOT","MLN_USD","A","2004",2679.101,
"NZL","GINSURANCEPREM","TOT","MLN_USD","A","2005",3110.366,
"NZL","GINSURANCEPREM","TOT","MLN_USD","A","2006",2902.969,
"NZL","GINSURANCEPREM","TOT","MLN_USD","A","2007",3314.723,
"NZL","GINSURANCEPREM","TOT","MLN_USD","A","2008",3149.114,
"NZL","GINSURANCEPREM","TOT","MLN_USD","A","2009",2947.643,
"NZL","GINSURANCEPREM","TOT","MLN_USD","A","2010",3372.356,
"NZL","GINSURANCEPREM","TOT","MLN_USD","A","2012",4589.707,
"NZL","GINSURANCEPREM","TOT","MLN_USD","A","2013",5138.559,
"NZL","GINSURANCEPREM","TOT","MLN_USD","A","2014",5359.069,
"NZL","GINSURANCEPREM","TOT","MLN_USD","A","2015",4656.985,
"NZL","GINSURANCEPREM","TOT","MLN_USD","A","2016",4753.137,
"NZL","GINSURANCEPREM","TOT","MLN_USD","A","2017",5144.207,
"NOR","GINSURANCEPREM","TOT","MLN_USD","A","1993",5995.997,
"NOR","GINSURANCEPREM","TOT","MLN_USD","A","1994",2728.674,
"NOR","GINSURANCEPREM","TOT","MLN_USD","A","1995",2981.293,
"NOR","GINSURANCEPREM","TOT","MLN_USD","A","1996",6978.551,
"NOR","GINSURANCEPREM","TOT","MLN_USD","A","1997",7255.339,
"NOR","GINSURANCEPREM","TOT","MLN_USD","A","1998",7226.843,
"NOR","GINSURANCEPREM","TOT","MLN_USD","A","1999",7264.154,
"NOR","GINSURANCEPREM","TOT","MLN_USD","A","2000",7503.052,
"NOR","GINSURANCEPREM","TOT","MLN_USD","A","2001",8299.252,
"NOR","GINSURANCEPREM","TOT","MLN_USD","A","2002",10265.314,
"NOR","GINSURANCEPREM","TOT","MLN_USD","A","2003",12669.677,
"NOR","GINSURANCEPREM","TOT","MLN_USD","A","2004",15111.574,
"NOR","GINSURANCEPREM","TOT","MLN_USD","A","2005",17155.142,
"NOR","GINSURANCEPREM","TOT","MLN_USD","A","2006",16239.954,
"NOR","GINSURANCEPREM","TOT","MLN_USD","A","2007",19784.713,
"NOR","GINSURANCEPREM","TOT","MLN_USD","A","2008",24185.224,
"NOR","GINSURANCEPREM","TOT","MLN_USD","A","2009",9289.441,
"NOR","GINSURANCEPREM","TOT","MLN_USD","A","2010",20570.081,
"NOR","GINSURANCEPREM","TOT","MLN_USD","A","2011",23793.995,
"NOR","GINSURANCEPREM","TOT","MLN_USD","A","2012",25748.174,
"NOR","GINSURANCEPREM","TOT","MLN_USD","A","2013",25535.504,
"NOR","GINSURANCEPREM","TOT","MLN_USD","A","2014",26461.356,
"NOR","GINSURANCEPREM","TOT","MLN_USD","A","2015",20647.109,
"NOR","GINSURANCEPREM","TOT","MLN_USD","A","2016",20209.811,
"NOR","GINSURANCEPREM","TOT","MLN_USD","A","2017",20406.633,
"POL","GINSURANCEPREM","TOT","MLN_USD","A","1993",1707.149,
"POL","GINSURANCEPREM","TOT","MLN_USD","A","1994",1824.376,
"POL","GINSURANCEPREM","TOT","MLN_USD","A","1995",2302.365,
"POL","GINSURANCEPREM","TOT","MLN_USD","A","1996",3038.197,
"POL","GINSURANCEPREM","TOT","MLN_USD","A","1997",3756.562,
"POL","GINSURANCEPREM","TOT","MLN_USD","A","1998",4464.168,
"POL","GINSURANCEPREM","TOT","MLN_USD","A","1999",4663.456,
"POL","GINSURANCEPREM","TOT","MLN_USD","A","2000",4794.937,
"POL","GINSURANCEPREM","TOT","MLN_USD","A","2001",5467.334,
"POL","GINSURANCEPREM","TOT","MLN_USD","A","2002",5584.511,
"POL","GINSURANCEPREM","TOT","MLN_USD","A","2003",6410.053,
"POL","GINSURANCEPREM","TOT","MLN_USD","A","2004",7558.974,
"POL","GINSURANCEPREM","TOT","MLN_USD","A","2005",9574.729,
"POL","GINSURANCEPREM","TOT","MLN_USD","A","2006",12095.211,
"POL","GINSURANCEPREM","TOT","MLN_USD","A","2007",15796.756,
"POL","GINSURANCEPREM","TOT","MLN_USD","A","2008",24641.334,
"POL","GINSURANCEPREM","TOT","MLN_USD","A","2009",16475.096,
"POL","GINSURANCEPREM","TOT","MLN_USD","A","2010",17963.082,
"POL","GINSURANCEPREM","TOT","MLN_USD","A","2011",19289.06,
"POL","GINSURANCEPREM","TOT","MLN_USD","A","2012",19231.137,
"POL","GINSURANCEPREM","TOT","MLN_USD","A","2013",18307.441,
"POL","GINSURANCEPREM","TOT","MLN_USD","A","2014",17412.029,
"POL","GINSURANCEPREM","TOT","MLN_USD","A","2015",14538.692,
"POL","GINSURANCEPREM","TOT","MLN_USD","A","2016",14213.102,
"POL","GINSURANCEPREM","TOT","MLN_USD","A","2017",16498.589,
"PRT","GINSURANCEPREM","TOT","MLN_USD","A","1993",3117.411,
"PRT","GINSURANCEPREM","TOT","MLN_USD","A","1994",3567.825,
"PRT","GINSURANCEPREM","TOT","MLN_USD","A","1995",4747.265,
"PRT","GINSURANCEPREM","TOT","MLN_USD","A","1996",5451.798,
"PRT","GINSURANCEPREM","TOT","MLN_USD","A","1997",5052.184,
"PRT","GINSURANCEPREM","TOT","MLN_USD","A","1998",6033.346,
"PRT","GINSURANCEPREM","TOT","MLN_USD","A","1999",6922.938,
"PRT","GINSURANCEPREM","TOT","MLN_USD","A","2001",7144.014,
"PRT","GINSURANCEPREM","TOT","MLN_USD","A","2002",8031.07,
"PRT","GINSURANCEPREM","TOT","MLN_USD","A","2003",10713.35,
"PRT","GINSURANCEPREM","TOT","MLN_USD","A","2004",12834.913,
"PRT","GINSURANCEPREM","TOT","MLN_USD","A","2005",16713.898,
"PRT","GINSURANCEPREM","TOT","MLN_USD","A","2006",16190.052,
"PRT","GINSURANCEPREM","TOT","MLN_USD","A","2007",18707.441,
"PRT","GINSURANCEPREM","TOT","MLN_USD","A","2008",22513.574,
"PRT","GINSURANCEPREM","TOT","MLN_USD","A","2009",19727.037,
"PRT","GINSURANCEPREM","TOT","MLN_USD","A","2010",21045.776,
"PRT","GINSURANCEPREM","TOT","MLN_USD","A","2011",15621.987,
"PRT","GINSURANCEPREM","TOT","MLN_USD","A","2012",13559.542,
"PRT","GINSURANCEPREM","TOT","MLN_USD","A","2013",16997.87,
"PRT","GINSURANCEPREM","TOT","MLN_USD","A","2014",18642.341,
"PRT","GINSURANCEPREM","TOT","MLN_USD","A","2015",13939.169,
"PRT","GINSURANCEPREM","TOT","MLN_USD","A","2016",12070.983,
"PRT","GINSURANCEPREM","TOT","MLN_USD","A","2017",12909.062,
"SVK","GINSURANCEPREM","TOT","MLN_USD","A","1997",507.156,
"SVK","GINSURANCEPREM","TOT","MLN_USD","A","1998",605.325,
"SVK","GINSURANCEPREM","TOT","MLN_USD","A","1999",574.271,
"SVK","GINSURANCEPREM","TOT","MLN_USD","A","2000",597.242,
"SVK","GINSURANCEPREM","TOT","MLN_USD","A","2001",665.814,
"SVK","GINSURANCEPREM","TOT","MLN_USD","A","2002",806.475,
"SVK","GINSURANCEPREM","TOT","MLN_USD","A","2003",1159.026,
"SVK","GINSURANCEPREM","TOT","MLN_USD","A","2004",1484.875,
"SVK","GINSURANCEPREM","TOT","MLN_USD","A","2005",702.439,
"SVK","GINSURANCEPREM","TOT","MLN_USD","A","2006",1806.645,
"SVK","GINSURANCEPREM","TOT","MLN_USD","A","2007",2323.965,
"SVK","GINSURANCEPREM","TOT","MLN_USD","A","2008",2996.968,
"SVK","GINSURANCEPREM","TOT","MLN_USD","A","2009",2887.211,
"SVK","GINSURANCEPREM","TOT","MLN_USD","A","2010",2812.776,
"SVK","GINSURANCEPREM","TOT","MLN_USD","A","2011",2994.475,
"SVK","GINSURANCEPREM","TOT","MLN_USD","A","2012",2771.807,
"SVK","GINSURANCEPREM","TOT","MLN_USD","A","2013",2958.334,
"SVK","GINSURANCEPREM","TOT","MLN_USD","A","2014",2982.451,
"SVK","GINSURANCEPREM","TOT","MLN_USD","A","2015",2399.03,
"SVK","GINSURANCEPREM","TOT","MLN_USD","A","2017",5034.997,
"ESP","GINSURANCEPREM","TOT","MLN_USD","A","1993",19378.235,
"ESP","GINSURANCEPREM","TOT","MLN_USD","A","1994",24548.2,
"ESP","GINSURANCEPREM","TOT","MLN_USD","A","1995",27400,
"ESP","GINSURANCEPREM","TOT","MLN_USD","A","1996",29353.34,
"ESP","GINSURANCEPREM","TOT","MLN_USD","A","1997",28460.812,
"ESP","GINSURANCEPREM","TOT","MLN_USD","A","1998",29823.606,
"ESP","GINSURANCEPREM","TOT","MLN_USD","A","1999",35303.08,
"ESP","GINSURANCEPREM","TOT","MLN_USD","A","2000",38987.721,
"ESP","GINSURANCEPREM","TOT","MLN_USD","A","2001",38652.003,
"ESP","GINSURANCEPREM","TOT","MLN_USD","A","2002",46617.968,
"ESP","GINSURANCEPREM","TOT","MLN_USD","A","2003",49290.424,
"ESP","GINSURANCEPREM","TOT","MLN_USD","A","2004",58989.402,
"ESP","GINSURANCEPREM","TOT","MLN_USD","A","2005",63700.691,
"ESP","GINSURANCEPREM","TOT","MLN_USD","A","2006",72225.631,
"ESP","GINSURANCEPREM","TOT","MLN_USD","A","2007",78349.387,
"ESP","GINSURANCEPREM","TOT","MLN_USD","A","2008",91434.469,
"ESP","GINSURANCEPREM","TOT","MLN_USD","A","2009",85164.07,
"ESP","GINSURANCEPREM","TOT","MLN_USD","A","2010",76313.337,
"ESP","GINSURANCEPREM","TOT","MLN_USD","A","2011",86265.165,
"ESP","GINSURANCEPREM","TOT","MLN_USD","A","2012",72884.001,
"ESP","GINSURANCEPREM","TOT","MLN_USD","A","2013",77154.773,
"ESP","GINSURANCEPREM","TOT","MLN_USD","A","2014",76502.401,
"ESP","GINSURANCEPREM","TOT","MLN_USD","A","2015",65487.628,
"ESP","GINSURANCEPREM","TOT","MLN_USD","A","2016",73604.744,
"ESP","GINSURANCEPREM","TOT","MLN_USD","A","2017",74058.244,
"SWE","GINSURANCEPREM","TOT","MLN_USD","A","1993",5758.055,
"SWE","GINSURANCEPREM","TOT","MLN_USD","A","1994",7047.06,
"SWE","GINSURANCEPREM","TOT","MLN_USD","A","1995",7898.519,
"SWE","GINSURANCEPREM","TOT","MLN_USD","A","1996",8963.232,
"SWE","GINSURANCEPREM","TOT","MLN_USD","A","1997",14638.08,
"SWE","GINSURANCEPREM","TOT","MLN_USD","A","1998",15110.717,
"SWE","GINSURANCEPREM","TOT","MLN_USD","A","1999",11559.06,
"SWE","GINSURANCEPREM","TOT","MLN_USD","A","2000",19785.837,
"SWE","GINSURANCEPREM","TOT","MLN_USD","A","2001",20245.837,
"SWE","GINSURANCEPREM","TOT","MLN_USD","A","2003",25470.227,
"SWE","GINSURANCEPREM","TOT","MLN_USD","A","2004",30417.533,
"SWE","GINSURANCEPREM","TOT","MLN_USD","A","2005",31398.799,
"SWE","GINSURANCEPREM","TOT","MLN_USD","A","2006",30864.775,
"SWE","GINSURANCEPREM","TOT","MLN_USD","A","2007",31050.028,
"SWE","GINSURANCEPREM","TOT","MLN_USD","A","2008",31434.818,
"SWE","GINSURANCEPREM","TOT","MLN_USD","A","2009",25464.934,
"SWE","GINSURANCEPREM","TOT","MLN_USD","A","2010",25623.778,
"SWE","GINSURANCEPREM","TOT","MLN_USD","A","2011",28062.491,
"SWE","GINSURANCEPREM","TOT","MLN_USD","A","2012",24668.872,
"SWE","GINSURANCEPREM","TOT","MLN_USD","A","2013",27202.605,
"SWE","GINSURANCEPREM","TOT","MLN_USD","A","2014",49890.473,
"SWE","GINSURANCEPREM","TOT","MLN_USD","A","2015",40253.635,
"SWE","GINSURANCEPREM","TOT","MLN_USD","A","2016",39107.022,
"SWE","GINSURANCEPREM","TOT","MLN_USD","A","2017",44382.288,
"CHE","GINSURANCEPREM","TOT","MLN_USD","A","1993",33723.038,
"CHE","GINSURANCEPREM","TOT","MLN_USD","A","1994",37985.221,
"CHE","GINSURANCEPREM","TOT","MLN_USD","A","1995",45443.163,
"CHE","GINSURANCEPREM","TOT","MLN_USD","A","1996",38962.636,
"CHE","GINSURANCEPREM","TOT","MLN_USD","A","1997",34712.696,
"CHE","GINSURANCEPREM","TOT","MLN_USD","A","1998",36492.257,
"CHE","GINSURANCEPREM","TOT","MLN_USD","A","1999",35679.658,
"CHE","GINSURANCEPREM","TOT","MLN_USD","A","2000",33967.972,
"CHE","GINSURANCEPREM","TOT","MLN_USD","A","2001",38501.672,
"CHE","GINSURANCEPREM","TOT","MLN_USD","A","2002",44111.17,
"CHE","GINSURANCEPREM","TOT","MLN_USD","A","2003",42595.303,
"CHE","GINSURANCEPREM","TOT","MLN_USD","A","2004",45061.671,
"CHE","GINSURANCEPREM","TOT","MLN_USD","A","2005",43258.119,
"CHE","GINSURANCEPREM","TOT","MLN_USD","A","2006",41897.579,
"CHE","GINSURANCEPREM","TOT","MLN_USD","A","2007",45486.133,
"CHE","GINSURANCEPREM","TOT","MLN_USD","A","2008",57046.967,
"CHE","GINSURANCEPREM","TOT","MLN_USD","A","2009",57191.081,
"CHE","GINSURANCEPREM","TOT","MLN_USD","A","2010",61637.407,
"CHE","GINSURANCEPREM","TOT","MLN_USD","A","2011",71481.78,
"CHE","GINSURANCEPREM","TOT","MLN_USD","A","2012",70213.764,
"CHE","GINSURANCEPREM","TOT","MLN_USD","A","2013",74264.246,
"CHE","GINSURANCEPREM","TOT","MLN_USD","A","2014",74480.076,
"CHE","GINSURANCEPREM","TOT","MLN_USD","A","2015",70366.64,
"CHE","GINSURANCEPREM","TOT","MLN_USD","A","2016",67482.625,
"CHE","GINSURANCEPREM","TOT","MLN_USD","A","2017",67772.484,
"TUR","GINSURANCEPREM","TOT","MLN_USD","A","1993",1563.995,
"TUR","GINSURANCEPREM","TOT","MLN_USD","A","1994",1083.33,
"TUR","GINSURANCEPREM","TOT","MLN_USD","A","1995",1394.61,
"TUR","GINSURANCEPREM","TOT","MLN_USD","A","1996",1590.773,
"TUR","GINSURANCEPREM","TOT","MLN_USD","A","1997",1882.601,
"TUR","GINSURANCEPREM","TOT","MLN_USD","A","1998",2141.876,
"TUR","GINSURANCEPREM","TOT","MLN_USD","A","1999",2632.219,
"TUR","GINSURANCEPREM","TOT","MLN_USD","A","2000",3161.638,
"TUR","GINSURANCEPREM","TOT","MLN_USD","A","2001",2287.333,
"TUR","GINSURANCEPREM","TOT","MLN_USD","A","2002",2467.356,
"TUR","GINSURANCEPREM","TOT","MLN_USD","A","2003",3384.872,
"TUR","GINSURANCEPREM","TOT","MLN_USD","A","2004",4760.16,
"TUR","GINSURANCEPREM","TOT","MLN_USD","A","2005",5254.273,
"TUR","GINSURANCEPREM","TOT","MLN_USD","A","2006",5915.646,
"TUR","GINSURANCEPREM","TOT","MLN_USD","A","2007",8389.333,
"TUR","GINSURANCEPREM","TOT","MLN_USD","A","2008",9050.537,
"TUR","GINSURANCEPREM","TOT","MLN_USD","A","2009",8454.89,
"TUR","GINSURANCEPREM","TOT","MLN_USD","A","2010",9971.197,
"TUR","GINSURANCEPREM","TOT","MLN_USD","A","2011",10247.193,
"TUR","GINSURANCEPREM","TOT","MLN_USD","A","2012",11398.967,
"TUR","GINSURANCEPREM","TOT","MLN_USD","A","2013",13211.708,
"TUR","GINSURANCEPREM","TOT","MLN_USD","A","2014",12313.62,
"TUR","GINSURANCEPREM","TOT","MLN_USD","A","2015",11775.412,
"TUR","GINSURANCEPREM","TOT","MLN_USD","A","2016",13718.387,
"TUR","GINSURANCEPREM","TOT","MLN_USD","A","2017",13074.108,
"GBR","GINSURANCEPREM","TOT","MLN_USD","A","1993",138603.934,
"GBR","GINSURANCEPREM","TOT","MLN_USD","A","1994",138101.575,
"GBR","GINSURANCEPREM","TOT","MLN_USD","A","1995",140266.688,
"GBR","GINSURANCEPREM","TOT","MLN_USD","A","1996",148610.359,
"GBR","GINSURANCEPREM","TOT","MLN_USD","A","1997",165968.878,
"GBR","GINSURANCEPREM","TOT","MLN_USD","A","1998",191180.228,
"GBR","GINSURANCEPREM","TOT","MLN_USD","A","1999",215197.877,
"GBR","GINSURANCEPREM","TOT","MLN_USD","A","2000",256363.056,
"GBR","GINSURANCEPREM","TOT","MLN_USD","A","2001",230521.626,
"GBR","GINSURANCEPREM","TOT","MLN_USD","A","2002",252689.005,
"GBR","GINSURANCEPREM","TOT","MLN_USD","A","2003",297662.344,
"GBR","GINSURANCEPREM","TOT","MLN_USD","A","2004",336326.852,
"GBR","GINSURANCEPREM","TOT","MLN_USD","A","2005",358540.513,
"GBR","GINSURANCEPREM","TOT","MLN_USD","A","2006",525857.922,
"GBR","GINSURANCEPREM","TOT","MLN_USD","A","2007",644556.517,
"GBR","GINSURANCEPREM","TOT","MLN_USD","A","2008",454666.149,
"GBR","GINSURANCEPREM","TOT","MLN_USD","A","2009",342609.171,
"GBR","GINSURANCEPREM","TOT","MLN_USD","A","2010",325141.31,
"GBR","GINSURANCEPREM","TOT","MLN_USD","A","2011",339364.898,
"GBR","GINSURANCEPREM","TOT","MLN_USD","A","2012",368524.786,
"GBR","GINSURANCEPREM","TOT","MLN_USD","A","2013",340384.728,
"GBR","GINSURANCEPREM","TOT","MLN_USD","A","2014",365688.053,
"GBR","GINSURANCEPREM","TOT","MLN_USD","A","2015",336743.042,
"GBR","GINSURANCEPREM","TOT","MLN_USD","A","2016",403794.037,
"GBR","GINSURANCEPREM","TOT","MLN_USD","A","2017",394100.355,
"USA","GINSURANCEPREM","TOT","MLN_USD","A","1993",705008,
"USA","GINSURANCEPREM","TOT","MLN_USD","A","1994",731673,
"USA","GINSURANCEPREM","TOT","MLN_USD","A","1995",763639,
"USA","GINSURANCEPREM","TOT","MLN_USD","A","1996",795115,
"USA","GINSURANCEPREM","TOT","MLN_USD","A","1997",891694,
"USA","GINSURANCEPREM","TOT","MLN_USD","A","1998",994961.34,
"USA","GINSURANCEPREM","TOT","MLN_USD","A","1999",1055045,
"USA","GINSURANCEPREM","TOT","MLN_USD","A","2000",1157516,
"USA","GINSURANCEPREM","TOT","MLN_USD","A","2001",1173018,
"USA","GINSURANCEPREM","TOT","MLN_USD","A","2002",1400298.86,
"USA","GINSURANCEPREM","TOT","MLN_USD","A","2003",1582878.66,
"USA","GINSURANCEPREM","TOT","MLN_USD","A","2004",1665142.18,
"USA","GINSURANCEPREM","TOT","MLN_USD","A","2005",1743735.73,
"USA","GINSURANCEPREM","TOT","MLN_USD","A","2006",1710089.87,
"USA","GINSURANCEPREM","TOT","MLN_USD","A","2007",1993592.92,
"USA","GINSURANCEPREM","TOT","MLN_USD","A","2008",2039111.64,
"USA","GINSURANCEPREM","TOT","MLN_USD","A","2009",2029504.3,
"USA","GINSURANCEPREM","TOT","MLN_USD","A","2010",2035561.543,
"USA","GINSURANCEPREM","TOT","MLN_USD","A","2011",2154850.954,
"USA","GINSURANCEPREM","TOT","MLN_USD","A","2012",2279817,
"USA","GINSURANCEPREM","TOT","MLN_USD","A","2013",2289921,
"USA","GINSURANCEPREM","TOT","MLN_USD","A","2014",2431323,
"USA","GINSURANCEPREM","TOT","MLN_USD","A","2015",2621083,
"USA","GINSURANCEPREM","TOT","MLN_USD","A","2016",2703793,
"USA","GINSURANCEPREM","TOT","MLN_USD","A","2017",2836293.22,
"ARG","GINSURANCEPREM","TOT","MLN_USD","A","2012",13983.167,
"ARG","GINSURANCEPREM","TOT","MLN_USD","A","2013",16642.754,
"ARG","GINSURANCEPREM","TOT","MLN_USD","A","2014",18621.507,
"ARG","GINSURANCEPREM","TOT","MLN_USD","A","2015",19376.335,
"ARG","GINSURANCEPREM","TOT","MLN_USD","A","2016",19749.149,
"ARG","GINSURANCEPREM","TOT","MLN_USD","A","2017",18518.572,
"CHL","GINSURANCEPREM","TOT","MLN_USD","A","2006",4759.229,
"CHL","GINSURANCEPREM","TOT","MLN_USD","A","2009",6248.478,
"CHL","GINSURANCEPREM","TOT","MLN_USD","A","2010",8309.065,
"CHL","GINSURANCEPREM","TOT","MLN_USD","A","2011",9699.226,
"CHL","GINSURANCEPREM","TOT","MLN_USD","A","2012",11298.144,
"CHL","GINSURANCEPREM","TOT","MLN_USD","A","2013",11775.773,
"CHL","GINSURANCEPREM","TOT","MLN_USD","A","2014",10975.785,
"CHL","GINSURANCEPREM","TOT","MLN_USD","A","2015",11413.344,
"CHL","GINSURANCEPREM","TOT","MLN_USD","A","2016",12401.026,
"CHL","GINSURANCEPREM","TOT","MLN_USD","A","2017",12860.489,
"COL","GINSURANCEPREM","TOT","MLN_USD","A","2009",5323.43,
"COL","GINSURANCEPREM","TOT","MLN_USD","A","2010",6492.49,
"COL","GINSURANCEPREM","TOT","MLN_USD","A","2011",7601.64,
"COL","GINSURANCEPREM","TOT","MLN_USD","A","2012",9144.35,
"COL","GINSURANCEPREM","TOT","MLN_USD","A","2013",10207.279,
"COL","GINSURANCEPREM","TOT","MLN_USD","A","2014",9689.812,
"COL","GINSURANCEPREM","TOT","MLN_USD","A","2015",8003.068,
"COL","GINSURANCEPREM","TOT","MLN_USD","A","2016",8049.885,
"COL","GINSURANCEPREM","TOT","MLN_USD","A","2017",8977.904,
"EST","GINSURANCEPREM","TOT","MLN_USD","A","2006",126.117,
"EST","GINSURANCEPREM","TOT","MLN_USD","A","2009",343.067,
"EST","GINSURANCEPREM","TOT","MLN_USD","A","2010",565.172,
"EST","GINSURANCEPREM","TOT","MLN_USD","A","2011",560.001,
"EST","GINSURANCEPREM","TOT","MLN_USD","A","2012",617.132,
"EST","GINSURANCEPREM","TOT","MLN_USD","A","2013",774.046,
"EST","GINSURANCEPREM","TOT","MLN_USD","A","2014",837.594,
"EST","GINSURANCEPREM","TOT","MLN_USD","A","2015",763.881,
"EST","GINSURANCEPREM","TOT","MLN_USD","A","2016",814.636,
"EST","GINSURANCEPREM","TOT","MLN_USD","A","2017",921.797,
"HKG","GINSURANCEPREM","TOT","MLN_USD","A","2009",24152.869,
"HKG","GINSURANCEPREM","TOT","MLN_USD","A","2010",26903.369,
"HKG","GINSURANCEPREM","TOT","MLN_USD","A","2011",29268.163,
"HKG","GINSURANCEPREM","TOT","MLN_USD","A","2012",33190.798,
"HKG","GINSURANCEPREM","TOT","MLN_USD","A","2013",37855.957,
"HKG","GINSURANCEPREM","TOT","MLN_USD","A","2014",43120.506,
"HKG","GINSURANCEPREM","TOT","MLN_USD","A","2015",47900.598,
"HKG","GINSURANCEPREM","TOT","MLN_USD","A","2016",59300.928,
"HKG","GINSURANCEPREM","TOT","MLN_USD","A","2017",64310.36,
"IDN","GINSURANCEPREM","TOT","MLN_USD","A","2012",16249.207,
"IDN","GINSURANCEPREM","TOT","MLN_USD","A","2013",15781.928,
"IDN","GINSURANCEPREM","TOT","MLN_USD","A","2014",14325.159,
"IDN","GINSURANCEPREM","TOT","MLN_USD","A","2015",14629.46,
"IDN","GINSURANCEPREM","TOT","MLN_USD","A","2016",17289.763,
"IDN","GINSURANCEPREM","TOT","MLN_USD","A","2017",19483.415,
"ISR","GINSURANCEPREM","TOT","MLN_USD","A","2006",7767.599,
"ISR","GINSURANCEPREM","TOT","MLN_USD","A","2007",8789.832,
"ISR","GINSURANCEPREM","TOT","MLN_USD","A","2008",10776.53,
"ISR","GINSURANCEPREM","TOT","MLN_USD","A","2009",10253.345,
"ISR","GINSURANCEPREM","TOT","MLN_USD","A","2010",11233.889,
"ISR","GINSURANCEPREM","TOT","MLN_USD","A","2011",12665.041,
"ISR","GINSURANCEPREM","TOT","MLN_USD","A","2012",12470.563,
"ISR","GINSURANCEPREM","TOT","MLN_USD","A","2013",13941.327,
"ISR","GINSURANCEPREM","TOT","MLN_USD","A","2014",14365.998,
"ISR","GINSURANCEPREM","TOT","MLN_USD","A","2015",14116.608,
"ISR","GINSURANCEPREM","TOT","MLN_USD","A","2016",15141.85,
"ISR","GINSURANCEPREM","TOT","MLN_USD","A","2017",17427.283,
"MYS","GINSURANCEPREM","TOT","MLN_USD","A","2009",9539.623,
"MYS","GINSURANCEPREM","TOT","MLN_USD","A","2010",13242.136,
"MYS","GINSURANCEPREM","TOT","MLN_USD","A","2011",14878.103,
"MYS","GINSURANCEPREM","TOT","MLN_USD","A","2012",16337.732,
"MYS","GINSURANCEPREM","TOT","MLN_USD","A","2013",16973.574,
"MYS","GINSURANCEPREM","TOT","MLN_USD","A","2014",17588.154,
"MYS","GINSURANCEPREM","TOT","MLN_USD","A","2015",15346.49,
"MYS","GINSURANCEPREM","TOT","MLN_USD","A","2016",15099.609,
"MYS","GINSURANCEPREM","TOT","MLN_USD","A","2017",15156.181,
"PER","GINSURANCEPREM","TOT","MLN_USD","A","2011",2659.853,
"PER","GINSURANCEPREM","TOT","MLN_USD","A","2012",3040.526,
"PER","GINSURANCEPREM","TOT","MLN_USD","A","2013",3392.207,
"PER","GINSURANCEPREM","TOT","MLN_USD","A","2014",3601.807,
"PER","GINSURANCEPREM","TOT","MLN_USD","A","2015",3709.277,
"PER","GINSURANCEPREM","TOT","MLN_USD","A","2016",3354.374,
"PER","GINSURANCEPREM","TOT","MLN_USD","A","2017",3500.208,
"RUS","GINSURANCEPREM","TOT","MLN_USD","A","2006",15811.999,
"RUS","GINSURANCEPREM","TOT","MLN_USD","A","2007",21485.607,
"RUS","GINSURANCEPREM","TOT","MLN_USD","A","2008",29772.409,
"RUS","GINSURANCEPREM","TOT","MLN_USD","A","2009",17582.64,
"RUS","GINSURANCEPREM","TOT","MLN_USD","A","2011",23718.11,
"RUS","GINSURANCEPREM","TOT","MLN_USD","A","2014",26658.477,
"RUS","GINSURANCEPREM","TOT","MLN_USD","A","2015",17298.76,
"RUS","GINSURANCEPREM","TOT","MLN_USD","A","2016",18218.432,
"RUS","GINSURANCEPREM","TOT","MLN_USD","A","2017",22517.125,
"SGP","GINSURANCEPREM","TOT","MLN_USD","A","2000",7122.889,
"SGP","GINSURANCEPREM","TOT","MLN_USD","A","2001",10577.14,
"SGP","GINSURANCEPREM","TOT","MLN_USD","A","2004",7741.345,
"SGP","GINSURANCEPREM","TOT","MLN_USD","A","2009",8664.058,
"SGP","GINSURANCEPREM","TOT","MLN_USD","A","2010",20231.04,
"SGP","GINSURANCEPREM","TOT","MLN_USD","A","2011",23470.377,
"SGP","GINSURANCEPREM","TOT","MLN_USD","A","2012",24946.7,
"SGP","GINSURANCEPREM","TOT","MLN_USD","A","2013",27186.37,
"SGP","GINSURANCEPREM","TOT","MLN_USD","A","2014",30379.106,
"SGP","GINSURANCEPREM","TOT","MLN_USD","A","2015",30330.996,
"SGP","GINSURANCEPREM","TOT","MLN_USD","A","2016",33160.124,
"SGP","GINSURANCEPREM","TOT","MLN_USD","A","2017",36830.402,
"SVN","GINSURANCEPREM","TOT","MLN_USD","A","2007",2248.721,
"SVN","GINSURANCEPREM","TOT","MLN_USD","A","2008",2852.017,
"SVN","GINSURANCEPREM","TOT","MLN_USD","A","2009",3020.71,
"SVN","GINSURANCEPREM","TOT","MLN_USD","A","2010",2884.809,
"SVN","GINSURANCEPREM","TOT","MLN_USD","A","2011",3035.46,
"SVN","GINSURANCEPREM","TOT","MLN_USD","A","2012",2815.977,
"SVN","GINSURANCEPREM","TOT","MLN_USD","A","2013",2806.755,
"SVN","GINSURANCEPREM","TOT","MLN_USD","A","2014",2779.213,
"SVN","GINSURANCEPREM","TOT","MLN_USD","A","2015",2384.622,
"SVN","GINSURANCEPREM","TOT","MLN_USD","A","2016",2414.006,
"SVN","GINSURANCEPREM","TOT","MLN_USD","A","2017",2589.628,
"ZAF","GINSURANCEPREM","TOT","MLN_USD","A","2010",50271.799,
"ZAF","GINSURANCEPREM","TOT","MLN_USD","A","2011",56004.627,
"ZAF","GINSURANCEPREM","TOT","MLN_USD","A","2012",51451.511,
"ZAF","GINSURANCEPREM","TOT","MLN_USD","A","2013",54267.915,
"ZAF","GINSURANCEPREM","TOT","MLN_USD","A","2014",51526.567,
"ZAF","GINSURANCEPREM","TOT","MLN_USD","A","2015",47053.709,
"ZAF","GINSURANCEPREM","TOT","MLN_USD","A","2016",42472.512,
"URY","GINSURANCEPREM","TOT","MLN_USD","A","2012",1061.713,
"URY","GINSURANCEPREM","TOT","MLN_USD","A","2013",1208.333,
"URY","GINSURANCEPREM","TOT","MLN_USD","A","2014",1302.801,
"URY","GINSURANCEPREM","TOT","MLN_USD","A","2015",1277.474,
"URY","GINSURANCEPREM","TOT","MLN_USD","A","2017",1576.29,
"OECD","GINSURANCEPREM","TOT","MLN_USD","A","1993",1711275.758,
"OECD","GINSURANCEPREM","TOT","MLN_USD","A","1994",1850744.216,
"OECD","GINSURANCEPREM","TOT","MLN_USD","A","1995",2025592.851,
"OECD","GINSURANCEPREM","TOT","MLN_USD","A","1996",2036527.129,
"OECD","GINSURANCEPREM","TOT","MLN_USD","A","1997",2101855.451,
"OECD","GINSURANCEPREM","TOT","MLN_USD","A","1998",2180275.955,
"OECD","GINSURANCEPREM","TOT","MLN_USD","A","1999",2349429.009,
"OECD","GINSURANCEPREM","TOT","MLN_USD","A","2000",2507957.1,
"OECD","GINSURANCEPREM","TOT","MLN_USD","A","2001",2455739.398,
"OECD","GINSURANCEPREM","TOT","MLN_USD","A","2002",2757917.106,
"OECD","GINSURANCEPREM","TOT","MLN_USD","A","2003",3227297.057,
"OECD","GINSURANCEPREM","TOT","MLN_USD","A","2004",3558088.7,
"OECD","GINSURANCEPREM","TOT","MLN_USD","A","2005",3774773.843,
"OECD","GINSURANCEPREM","TOT","MLN_USD","A","2006",3976932.656,
"OECD","GINSURANCEPREM","TOT","MLN_USD","A","2007",4579251.726,
"OECD","GINSURANCEPREM","TOT","MLN_USD","A","2008",4523212.27,
"OECD","GINSURANCEPREM","TOT","MLN_USD","A","2009",4271503.41,
"OECD","GINSURANCEPREM","TOT","MLN_USD","A","2010",4342743.479,
"OECD","GINSURANCEPREM","TOT","MLN_USD","A","2011",4636577.487,
"OECD","GINSURANCEPREM","TOT","MLN_USD","A","2012",4689690.002,
"OECD","GINSURANCEPREM","TOT","MLN_USD","A","2013",4864516.738,
"OECD","GINSURANCEPREM","TOT","MLN_USD","A","2014",4949416.924,
"OECD","GINSURANCEPREM","TOT","MLN_USD","A","2015",4842891.421,
"OECD","GINSURANCEPREM","TOT","MLN_USD","A","2016",5123203.364,
"OECD","GINSURANCEPREM","TOT","MLN_USD","A","2017",5051855.486,
"IND","GINSURANCEPREM","TOT","MLN_USD","A","2011",71624.509,
"IND","GINSURANCEPREM","TOT","MLN_USD","A","2015",70878.067,
"IND","GINSURANCEPREM","TOT","MLN_USD","A","2017",100841.012,
"THA","GINSURANCEPREM","TOT","MLN_USD","A","2010",13527.951,
"THA","GINSURANCEPREM","TOT","MLN_USD","A","2011",15644.322,
"LVA","GINSURANCEPREM","TOT","MLN_USD","A","2009",511.833,
"LVA","GINSURANCEPREM","TOT","MLN_USD","A","2010",433.836,
"LVA","GINSURANCEPREM","TOT","MLN_USD","A","2011",554.746,
"LVA","GINSURANCEPREM","TOT","MLN_USD","A","2012",574.369,
"LVA","GINSURANCEPREM","TOT","MLN_USD","A","2013",625.325,
"LVA","GINSURANCEPREM","TOT","MLN_USD","A","2014",686.465,
"LVA","GINSURANCEPREM","TOT","MLN_USD","A","2015",589.048,
"LVA","GINSURANCEPREM","TOT","MLN_USD","A","2016",589.015,
"LVA","GINSURANCEPREM","TOT","MLN_USD","A","2017",727.87,
"PRY","GINSURANCEPREM","TOT","MLN_USD","A","2012",223.672,
"PRY","GINSURANCEPREM","TOT","MLN_USD","A","2013",366.938,
"PRY","GINSURANCEPREM","TOT","MLN_USD","A","2015",427.904,
"PRY","GINSURANCEPREM","TOT","MLN_USD","A","2016",368.02,
"PRY","GINSURANCEPREM","TOT","MLN_USD","A","2017",389.644,
"BRA","GINSURANCEPREM","TOT","MLN_USD","A","2014",69867.102,
"BRA","GINSURANCEPREM","TOT","MLN_USD","A","2015",55518.89,
"BRA","GINSURANCEPREM","TOT","MLN_USD","A","2016",58914.161,
"BRA","GINSURANCEPREM","TOT","MLN_USD","A","2017",66430.752,
"BOL","GINSURANCEPREM","TOT","MLN_USD","A","2012",316.357,
"BOL","GINSURANCEPREM","TOT","MLN_USD","A","2016",468.452,
"BOL","GINSURANCEPREM","TOT","MLN_USD","A","2017",499.083,
"CRI","GINSURANCEPREM","TOT","MLN_USD","A","2010",718.39,
"CRI","GINSURANCEPREM","TOT","MLN_USD","A","2011",793.393,
"CRI","GINSURANCEPREM","TOT","MLN_USD","A","2012",926.933,
"CRI","GINSURANCEPREM","TOT","MLN_USD","A","2013",1035.946,
"CRI","GINSURANCEPREM","TOT","MLN_USD","A","2014",1156.553,
"CRI","GINSURANCEPREM","TOT","MLN_USD","A","2015",1049.382,
"CRI","GINSURANCEPREM","TOT","MLN_USD","A","2016",1210.534,
"CRI","GINSURANCEPREM","TOT","MLN_USD","A","2017",1319.249,
"SLV","GINSURANCEPREM","TOT","MLN_USD","A","2011",477.7,
"SLV","GINSURANCEPREM","TOT","MLN_USD","A","2012",502.87,
"SLV","GINSURANCEPREM","TOT","MLN_USD","A","2013",546.14,
"SLV","GINSURANCEPREM","TOT","MLN_USD","A","2014",571.79,
"SLV","GINSURANCEPREM","TOT","MLN_USD","A","2015",608.62,
"SLV","GINSURANCEPREM","TOT","MLN_USD","A","2016",619.33,
"GTM","GINSURANCEPREM","TOT","MLN_USD","A","2012",610.808,
"GTM","GINSURANCEPREM","TOT","MLN_USD","A","2013",682.878,
"GTM","GINSURANCEPREM","TOT","MLN_USD","A","2014",749.371,
"GTM","GINSURANCEPREM","TOT","MLN_USD","A","2015",804.276,
"GTM","GINSURANCEPREM","TOT","MLN_USD","A","2016",855.815,
"GTM","GINSURANCEPREM","TOT","MLN_USD","A","2017",953.164,
"NIC","GINSURANCEPREM","TOT","MLN_USD","A","2012",138.257,
"NIC","GINSURANCEPREM","TOT","MLN_USD","A","2013",156.846,
"NIC","GINSURANCEPREM","TOT","MLN_USD","A","2014",177.774,
"NIC","GINSURANCEPREM","TOT","MLN_USD","A","2015",190.712,
"NIC","GINSURANCEPREM","TOT","MLN_USD","A","2016",204.33,
"PAN","GINSURANCEPREM","TOT","MLN_USD","A","2012",1159.38,
"PAN","GINSURANCEPREM","TOT","MLN_USD","A","2013",1315.91,
"ECU","GINSURANCEPREM","TOT","MLN_USD","A","2015",2316.344,
"ECU","GINSURANCEPREM","TOT","MLN_USD","A","2016",2135.468,
"LTU","GINSURANCEPREM","TOT","MLN_USD","A","2010",595.686,
"LTU","GINSURANCEPREM","TOT","MLN_USD","A","2011",684.78,
"LTU","GINSURANCEPREM","TOT","MLN_USD","A","2012",665.122,
"LTU","GINSURANCEPREM","TOT","MLN_USD","A","2013",753.055,
"LTU","GINSURANCEPREM","TOT","MLN_USD","A","2014",797.181,
"LTU","GINSURANCEPREM","TOT","MLN_USD","A","2015",715.459,
"LTU","GINSURANCEPREM","TOT","MLN_USD","A","2016",785.412,
"LTU","GINSURANCEPREM","TOT","MLN_USD","A","2017",893.207,
"LKA","GINSURANCEPREM","TOT","MLN_USD","A","2014",746.263,
"LKA","GINSURANCEPREM","TOT","MLN_USD","A","2015",930.647,
"LKA","GINSURANCEPREM","TOT","MLN_USD","A","2017",1127.947,
"HND","GINSURANCEPREM","TOT","MLN_USD","A","2013",368.433,
"HND","GINSURANCEPREM","TOT","MLN_USD","A","2014",379.349,
"HND","GINSURANCEPREM","TOT","MLN_USD","A","2015",397.651,
"TUN","GINSURANCEPREM","TOT","MLN_USD","A","2016",864.181,
"TUN","GINSURANCEPREM","TOT","MLN_USD","A","2017",908.935,
